[
  {
    "avgTemp1" : 16,
    "avgTemp2" : 10,
    "avgTemp3" : 12,
    "date1" : "2018-01-02",
    "date2" : "2018-01-01",
    "date3" : "2017-12-31",
    "highTemp1" : 23,
    "highTemp2" : 16,
    "highTemp3" : 18,
    "lowTemp1" : 9,
    "lowTemp2" : 5,
    "lowTemp3" : 7,
    "percipitation1" : 0,
    "percipitation2" : 0,
    "percipitation3" : 0,
    "result" : "school",
    "weekday1" : 2,
    "weekday2" : 1,
    "weekday3" : 0,
    "windSpeed1" : 20,
    "windSpeed2" : 21,
    "windSpeed3" : 23
  },
  {
    "avgTemp1" : 17,
    "avgTemp2" : 16,
    "avgTemp3" : 10,
    "date1" : "2018-01-03",
    "date2" : "2018-01-02",
    "date3" : "2018-01-01",
    "highTemp1" : 25,
    "highTemp2" : 23,
    "highTemp3" : 16,
    "lowTemp1" : 9,
    "lowTemp2" : 9,
    "lowTemp3" : 5,
    "percipitation1" : 0,
    "percipitation2" : 0,
    "percipitation3" : 0,
    "result" : "school",
    "weekday1" : 3,
    "weekday2" : 2,
    "weekday3" : 1,
    "windSpeed1" : 9,
    "windSpeed2" : 20,
    "windSpeed3" : 21
  },
  {
    "avgTemp1" : 22,
    "avgTemp2" : 17,
    "avgTemp3" : 16,
    "date1" : "2018-01-04",
    "date2" : "2018-01-03",
    "date3" : "2018-01-02",
    "highTemp1" : 25,
    "highTemp2" : 25,
    "highTemp3" : 23,
    "lowTemp1" : 17,
    "lowTemp2" : 9,
    "lowTemp3" : 9,
    "percipitation1" : 0,
    "percipitation2" : 0,
    "percipitation3" : 0,
    "result" : "no school",
    "weekday1" : 4,
    "weekday2" : 3,
    "weekday3" : 2,
    "windSpeed1" : 40,
    "windSpeed2" : 9,
    "windSpeed3" : 20
  },
  {
    "avgTemp1" : 12,
    "avgTemp2" : 22,
    "avgTemp3" : 17,
    "date1" : "2018-01-05",
    "date2" : "2018-01-04",
    "date3" : "2018-01-03",
    "highTemp1" : 16,
    "highTemp2" : 25,
    "highTemp3" : 25,
    "lowTemp1" : 7,
    "lowTemp2" : 17,
    "lowTemp3" : 9,
    "percipitation1" : 0,
    "percipitation2" : 0,
    "percipitation3" : 0,
    "result" : "no school",
    "weekday1" : 5,
    "weekday2" : 4,
    "weekday3" : 3,
    "windSpeed1" : 33,
    "windSpeed2" : 40,
    "windSpeed3" : 9
  },
  {
    "avgTemp1" : 22,
    "avgTemp2" : 8,
    "avgTemp3" : 8,
    "date1" : "2018-01-08",
    "date2" : "2018-01-07",
    "date3" : "2018-01-06",
    "highTemp1" : 28,
    "highTemp2" : 16,
    "highTemp3" : 10,
    "lowTemp1" : 16,
    "lowTemp2" : 0,
    "lowTemp3" : 5,
    "percipitation1" : 0,
    "percipitation2" : 0,
    "percipitation3" : 0,
    "result" : "school",
    "weekday1" : 1,
    "weekday2" : 0,
    "weekday3" : 6,
    "windSpeed1" : 9,
    "windSpeed2" : 17,
    "windSpeed3" : 37
  },
  {
    "avgTemp1" : 34,
    "avgTemp2" : 22,
    "avgTemp3" : 8,
    "date1" : "2018-01-09",
    "date2" : "2018-01-08",
    "date3" : "2018-01-07",
    "highTemp1" : 41,
    "highTemp2" : 28,
    "highTemp3" : 16,
    "lowTemp1" : 27,
    "lowTemp2" : 16,
    "lowTemp3" : 0,
    "percipitation1" : 0,
    "percipitation2" : 0,
    "percipitation3" : 0,
    "result" : "school",
    "weekday1" : 2,
    "weekday2" : 1,
    "weekday3" : 0,
    "windSpeed1" : 25,
    "windSpeed2" : 9,
    "windSpeed3" : 17
  },
  {
    "avgTemp1" : 28,
    "avgTemp2" : 34,
    "avgTemp3" : 22,
    "date1" : "2018-01-10",
    "date2" : "2018-01-09",
    "date3" : "2018-01-08",
    "highTemp1" : 37,
    "highTemp2" : 41,
    "highTemp3" : 28,
    "lowTemp1" : 18,
    "lowTemp2" : 27,
    "lowTemp3" : 16,
    "percipitation1" : 0,
    "percipitation2" : 0,
    "percipitation3" : 0,
    "result" : "school",
    "weekday1" : 3,
    "weekday2" : 2,
    "weekday3" : 1,
    "windSpeed1" : 8,
    "windSpeed2" : 25,
    "windSpeed3" : 9
  },
  {
    "avgTemp1" : 39,
    "avgTemp2" : 28,
    "avgTemp3" : 34,
    "date1" : "2018-01-11",
    "date2" : "2018-01-10",
    "date3" : "2018-01-09",
    "highTemp1" : 48,
    "highTemp2" : 37,
    "highTemp3" : 41,
    "lowTemp1" : 30,
    "lowTemp2" : 18,
    "lowTemp3" : 27,
    "percipitation1" : 0,
    "percipitation2" : 0,
    "percipitation3" : 0,
    "result" : "school",
    "weekday1" : 4,
    "weekday2" : 3,
    "weekday3" : 2,
    "windSpeed1" : 6,
    "windSpeed2" : 8,
    "windSpeed3" : 25
  },
  {
    "avgTemp1" : 48,
    "avgTemp2" : 39,
    "avgTemp3" : 28,
    "date1" : "2018-01-12",
    "date2" : "2018-01-11",
    "date3" : "2018-01-10",
    "highTemp1" : 55,
    "highTemp2" : 48,
    "highTemp3" : 37,
    "lowTemp1" : 41,
    "lowTemp2" : 30,
    "lowTemp3" : 18,
    "percipitation1" : 0.65,
    "percipitation2" : 0,
    "percipitation3" : 0,
    "result" : "school",
    "weekday1" : 5,
    "weekday2" : 4,
    "weekday3" : 3,
    "windSpeed1" : 18,
    "windSpeed2" : 6,
    "windSpeed3" : 8
  },
  {
    "avgTemp1" : 26,
    "avgTemp2" : 20,
    "avgTemp3" : 16,
    "date1" : "2018-01-16",
    "date2" : "2018-01-15",
    "date3" : "2018-01-14",
    "highTemp1" : 34,
    "highTemp2" : 27,
    "highTemp3" : 21,
    "lowTemp1" : 19,
    "lowTemp2" : 12,
    "lowTemp3" : 10,
    "percipitation1" : 0,
    "percipitation2" : 0,
    "percipitation3" : 0,
    "result" : "school",
    "weekday1" : 2,
    "weekday2" : 1,
    "weekday3" : 0,
    "windSpeed1" : 7,
    "windSpeed2" : 9,
    "windSpeed3" : 20
  },
  {
    "avgTemp1" : 29,
    "avgTemp2" : 26,
    "avgTemp3" : 20,
    "date1" : "2018-01-17",
    "date2" : "2018-01-16",
    "date3" : "2018-01-15",
    "highTemp1" : 35,
    "highTemp2" : 34,
    "highTemp3" : 27,
    "lowTemp1" : 21,
    "lowTemp2" : 19,
    "lowTemp3" : 12,
    "percipitation1" : 0.13,
    "percipitation2" : 0,
    "percipitation3" : 0,
    "result" : "school",
    "weekday1" : 3,
    "weekday2" : 2,
    "weekday3" : 1,
    "windSpeed1" : 18,
    "windSpeed2" : 7,
    "windSpeed3" : 9
  },
  {
    "avgTemp1" : 22,
    "avgTemp2" : 29,
    "avgTemp3" : 26,
    "date1" : "2018-01-18",
    "date2" : "2018-01-17",
    "date3" : "2018-01-16",
    "highTemp1" : 28,
    "highTemp2" : 35,
    "highTemp3" : 34,
    "lowTemp1" : 15,
    "lowTemp2" : 21,
    "lowTemp3" : 19,
    "percipitation1" : 0,
    "percipitation2" : 0.13,
    "percipitation3" : 0,
    "result" : "school",
    "weekday1" : 4,
    "weekday2" : 3,
    "weekday3" : 2,
    "windSpeed1" : 17,
    "windSpeed2" : 18,
    "windSpeed3" : 7
  },
  {
    "avgTemp1" : 26,
    "avgTemp2" : 22,
    "avgTemp3" : 29,
    "date1" : "2018-01-19",
    "date2" : "2018-01-18",
    "date3" : "2018-01-17",
    "highTemp1" : 34,
    "highTemp2" : 28,
    "highTemp3" : 35,
    "lowTemp1" : 17,
    "lowTemp2" : 15,
    "lowTemp3" : 21,
    "percipitation1" : 0,
    "percipitation2" : 0,
    "percipitation3" : 0.13,
    "result" : "school",
    "weekday1" : 5,
    "weekday2" : 4,
    "weekday3" : 3,
    "windSpeed1" : 8,
    "windSpeed2" : 17,
    "windSpeed3" : 18
  },
  {
    "avgTemp1" : 42,
    "avgTemp2" : 36,
    "avgTemp3" : 39,
    "date1" : "2018-01-22",
    "date2" : "2018-01-21",
    "date3" : "2018-01-20",
    "highTemp1" : 46,
    "highTemp2" : 46,
    "highTemp3" : 46,
    "lowTemp1" : 37,
    "lowTemp2" : 27,
    "lowTemp3" : 30,
    "percipitation1" : 0,
    "percipitation2" : 0,
    "percipitation3" : 0,
    "result" : "school",
    "weekday1" : 1,
    "weekday2" : 0,
    "weekday3" : 6,
    "windSpeed1" : 14,
    "windSpeed2" : 9,
    "windSpeed3" : 17
  },
  {
    "avgTemp1" : 47,
    "avgTemp2" : 42,
    "avgTemp3" : 36,
    "date1" : "2018-01-23",
    "date2" : "2018-01-22",
    "date3" : "2018-01-21",
    "highTemp1" : 55,
    "highTemp2" : 46,
    "highTemp3" : 46,
    "lowTemp1" : 39,
    "lowTemp2" : 37,
    "lowTemp3" : 27,
    "percipitation1" : 0.28,
    "percipitation2" : 0,
    "percipitation3" : 0,
    "result" : "school",
    "weekday1" : 2,
    "weekday2" : 1,
    "weekday3" : 0,
    "windSpeed1" : 17,
    "windSpeed2" : 14,
    "windSpeed3" : 9
  },
  {
    "avgTemp1" : 33,
    "avgTemp2" : 47,
    "avgTemp3" : 42,
    "date1" : "2018-01-24",
    "date2" : "2018-01-23",
    "date3" : "2018-01-22",
    "highTemp1" : 41,
    "highTemp2" : 55,
    "highTemp3" : 46,
    "lowTemp1" : 24,
    "lowTemp2" : 39,
    "lowTemp3" : 37,
    "percipitation1" : 0,
    "percipitation2" : 0.28,
    "percipitation3" : 0,
    "result" : "school",
    "weekday1" : 3,
    "weekday2" : 2,
    "weekday3" : 1,
    "windSpeed1" : 23,
    "windSpeed2" : 17,
    "windSpeed3" : 14
  },
  {
    "avgTemp1" : 26,
    "avgTemp2" : 33,
    "avgTemp3" : 47,
    "date1" : "2018-01-25",
    "date2" : "2018-01-24",
    "date3" : "2018-01-23",
    "highTemp1" : 32,
    "highTemp2" : 41,
    "highTemp3" : 55,
    "lowTemp1" : 21,
    "lowTemp2" : 24,
    "lowTemp3" : 39,
    "percipitation1" : 0,
    "percipitation2" : 0,
    "percipitation3" : 0.28,
    "result" : "school",
    "weekday1" : 4,
    "weekday2" : 3,
    "weekday3" : 2,
    "windSpeed1" : 17,
    "windSpeed2" : 23,
    "windSpeed3" : 17
  },
  {
    "avgTemp1" : 27,
    "avgTemp2" : 26,
    "avgTemp3" : 33,
    "date1" : "2018-01-26",
    "date2" : "2018-01-25",
    "date3" : "2018-01-24",
    "highTemp1" : 37,
    "highTemp2" : 32,
    "highTemp3" : 41,
    "lowTemp1" : 17,
    "lowTemp2" : 21,
    "lowTemp3" : 24,
    "percipitation1" : 0,
    "percipitation2" : 0,
    "percipitation3" : 0,
    "result" : "school",
    "weekday1" : 5,
    "weekday2" : 4,
    "weekday3" : 3,
    "windSpeed1" : 8,
    "windSpeed2" : 17,
    "windSpeed3" : 23
  },
  {
    "avgTemp1" : 38,
    "avgTemp2" : 46,
    "avgTemp3" : 38,
    "date1" : "2018-01-29",
    "date2" : "2018-01-28",
    "date3" : "2018-01-27",
    "highTemp1" : 43,
    "highTemp2" : 52,
    "highTemp3" : 52,
    "lowTemp1" : 32,
    "lowTemp2" : 39,
    "lowTemp3" : 25,
    "percipitation1" : 0,
    "percipitation2" : 0.18,
    "percipitation3" : 0,
    "result" : "school",
    "weekday1" : 1,
    "weekday2" : 0,
    "weekday3" : 6,
    "windSpeed1" : 14,
    "windSpeed2" : 8,
    "windSpeed3" : 13
  },
  {
    "avgTemp1" : 28,
    "avgTemp2" : 38,
    "avgTemp3" : 46,
    "date1" : "2018-01-30",
    "date2" : "2018-01-29",
    "date3" : "2018-01-28",
    "highTemp1" : 34,
    "highTemp2" : 43,
    "highTemp3" : 52,
    "lowTemp1" : 21,
    "lowTemp2" : 32,
    "lowTemp3" : 39,
    "percipitation1" : 0.04,
    "percipitation2" : 0,
    "percipitation3" : 0.18,
    "result" : "school",
    "weekday1" : 2,
    "weekday2" : 1,
    "weekday3" : 0,
    "windSpeed1" : 23,
    "windSpeed2" : 14,
    "windSpeed3" : 8
  },
  {
    "avgTemp1" : 24,
    "avgTemp2" : 28,
    "avgTemp3" : 38,
    "date1" : "2018-01-31",
    "date2" : "2018-01-30",
    "date3" : "2018-01-29",
    "highTemp1" : 30,
    "highTemp2" : 34,
    "highTemp3" : 43,
    "lowTemp1" : 17,
    "lowTemp2" : 21,
    "lowTemp3" : 32,
    "percipitation1" : 0,
    "percipitation2" : 0.04,
    "percipitation3" : 0,
    "result" : "school",
    "weekday1" : 3,
    "weekday2" : 2,
    "weekday3" : 1,
    "windSpeed1" : 16,
    "windSpeed2" : 23,
    "windSpeed3" : 14
  },
  {
    "avgTemp1" : 35,
    "avgTemp2" : 24,
    "avgTemp3" : 28,
    "date1" : "2018-02-01",
    "date2" : "2018-01-31",
    "date3" : "2018-01-30",
    "highTemp1" : 42,
    "highTemp2" : 30,
    "highTemp3" : 34,
    "lowTemp1" : 28,
    "lowTemp2" : 17,
    "lowTemp3" : 21,
    "percipitation1" : 0.05,
    "percipitation2" : 0,
    "percipitation3" : 0.04,
    "result" : "school",
    "weekday1" : 4,
    "weekday2" : 3,
    "weekday3" : 2,
    "windSpeed1" : 7,
    "windSpeed2" : 16,
    "windSpeed3" : 23
  },
  {
    "avgTemp1" : 24,
    "avgTemp2" : 35,
    "avgTemp3" : 24,
    "date1" : "2018-02-02",
    "date2" : "2018-02-01",
    "date3" : "2018-01-31",
    "highTemp1" : 35,
    "highTemp2" : 42,
    "highTemp3" : 30,
    "lowTemp1" : 12,
    "lowTemp2" : 28,
    "lowTemp3" : 17,
    "percipitation1" : 0.14,
    "percipitation2" : 0.05,
    "percipitation3" : 0,
    "result" : "school",
    "weekday1" : 5,
    "weekday2" : 4,
    "weekday3" : 3,
    "windSpeed1" : 30,
    "windSpeed2" : 7,
    "windSpeed3" : 16
  },
  {
    "avgTemp1" : 30,
    "avgTemp2" : 36,
    "avgTemp3" : 20,
    "date1" : "2018-02-05",
    "date2" : "2018-02-04",
    "date3" : "2018-02-03",
    "highTemp1" : 39,
    "highTemp2" : 43,
    "highTemp3" : 28,
    "lowTemp1" : 21,
    "lowTemp2" : 28,
    "lowTemp3" : 12,
    "percipitation1" : 0,
    "percipitation2" : 0.98,
    "percipitation3" : 0,
    "result" : "school",
    "weekday1" : 1,
    "weekday2" : 0,
    "weekday3" : 6,
    "windSpeed1" : 32,
    "windSpeed2" : 14,
    "windSpeed3" : 15
  },
  {
    "avgTemp1" : 28,
    "avgTemp2" : 30,
    "avgTemp3" : 36,
    "date1" : "2018-02-06",
    "date2" : "2018-02-05",
    "date3" : "2018-02-04",
    "highTemp1" : 34,
    "highTemp2" : 39,
    "highTemp3" : 43,
    "lowTemp1" : 21,
    "lowTemp2" : 21,
    "lowTemp3" : 28,
    "percipitation1" : 0,
    "percipitation2" : 0,
    "percipitation3" : 0.98,
    "result" : "school",
    "weekday1" : 2,
    "weekday2" : 1,
    "weekday3" : 0,
    "windSpeed1" : 7,
    "windSpeed2" : 32,
    "windSpeed3" : 14
  },
  {
    "avgTemp1" : 32,
    "avgTemp2" : 28,
    "avgTemp3" : 30,
    "date1" : "2018-02-07",
    "date2" : "2018-02-06",
    "date3" : "2018-02-05",
    "highTemp1" : 39,
    "highTemp2" : 34,
    "highTemp3" : 39,
    "lowTemp1" : 25,
    "lowTemp2" : 21,
    "lowTemp3" : 21,
    "percipitation1" : 0.6,
    "percipitation2" : 0,
    "percipitation3" : 0,
    "result" : "school",
    "weekday1" : 3,
    "weekday2" : 2,
    "weekday3" : 1,
    "windSpeed1" : 24,
    "windSpeed2" : 7,
    "windSpeed3" : 32
  },
  {
    "avgTemp1" : 26,
    "avgTemp2" : 32,
    "avgTemp3" : 28,
    "date1" : "2018-02-08",
    "date2" : "2018-02-07",
    "date3" : "2018-02-06",
    "highTemp1" : 30,
    "highTemp2" : 39,
    "highTemp3" : 34,
    "lowTemp1" : 21,
    "lowTemp2" : 25,
    "lowTemp3" : 21,
    "percipitation1" : 0,
    "percipitation2" : 0.6,
    "percipitation3" : 0,
    "result" : "school",
    "weekday1" : 4,
    "weekday2" : 3,
    "weekday3" : 2,
    "windSpeed1" : 23,
    "windSpeed2" : 24,
    "windSpeed3" : 7
  },
  {
    "avgTemp1" : 26,
    "avgTemp2" : 26,
    "avgTemp3" : 32,
    "date1" : "2018-02-09",
    "date2" : "2018-02-08",
    "date3" : "2018-02-07",
    "highTemp1" : 33,
    "highTemp2" : 30,
    "highTemp3" : 39,
    "lowTemp1" : 18,
    "lowTemp2" : 21,
    "lowTemp3" : 25,
    "percipitation1" : 0,
    "percipitation2" : 0,
    "percipitation3" : 0.6,
    "result" : "school",
    "weekday1" : 5,
    "weekday2" : 4,
    "weekday3" : 3,
    "windSpeed1" : 9,
    "windSpeed2" : 23,
    "windSpeed3" : 24
  },
  {
    "avgTemp1" : 42,
    "avgTemp2" : 47,
    "avgTemp3" : 39,
    "date1" : "2018-02-12",
    "date2" : "2018-02-11",
    "date3" : "2018-02-10",
    "highTemp1" : 57,
    "highTemp2" : 53,
    "highTemp3" : 46,
    "lowTemp1" : 28,
    "lowTemp2" : 41,
    "lowTemp3" : 32,
    "percipitation1" : 0,
    "percipitation2" : 0.92,
    "percipitation3" : 0.49,
    "result" : "school",
    "weekday1" : 1,
    "weekday2" : 0,
    "weekday3" : 6,
    "windSpeed1" : 21,
    "windSpeed2" : 10,
    "windSpeed3" : 6
  },
  {
    "avgTemp1" : 27,
    "avgTemp2" : 42,
    "avgTemp3" : 47,
    "date1" : "2018-02-13",
    "date2" : "2018-02-12",
    "date3" : "2018-02-11",
    "highTemp1" : 33,
    "highTemp2" : 57,
    "highTemp3" : 53,
    "lowTemp1" : 21,
    "lowTemp2" : 28,
    "lowTemp3" : 41,
    "percipitation1" : 0,
    "percipitation2" : 0,
    "percipitation3" : 0.92,
    "result" : "school",
    "weekday1" : 2,
    "weekday2" : 1,
    "weekday3" : 0,
    "windSpeed1" : 14,
    "windSpeed2" : 21,
    "windSpeed3" : 10
  },
  {
    "avgTemp1" : 40,
    "avgTemp2" : 27,
    "avgTemp3" : 42,
    "date1" : "2018-02-14",
    "date2" : "2018-02-13",
    "date3" : "2018-02-12",
    "highTemp1" : 50,
    "highTemp2" : 33,
    "highTemp3" : 57,
    "lowTemp1" : 30,
    "lowTemp2" : 21,
    "lowTemp3" : 28,
    "percipitation1" : 0.02,
    "percipitation2" : 0,
    "percipitation3" : 0,
    "result" : "school",
    "weekday1" : 3,
    "weekday2" : 2,
    "weekday3" : 1,
    "windSpeed1" : 8,
    "windSpeed2" : 14,
    "windSpeed3" : 21
  },
  {
    "avgTemp1" : 48,
    "avgTemp2" : 40,
    "avgTemp3" : 27,
    "date1" : "2018-02-15",
    "date2" : "2018-02-14",
    "date3" : "2018-02-13",
    "highTemp1" : 55,
    "highTemp2" : 50,
    "highTemp3" : 33,
    "lowTemp1" : 42,
    "lowTemp2" : 30,
    "lowTemp3" : 21,
    "percipitation1" : 0.13,
    "percipitation2" : 0.02,
    "percipitation3" : 0,
    "result" : "school",
    "weekday1" : 4,
    "weekday2" : 3,
    "weekday3" : 2,
    "windSpeed1" : 6,
    "windSpeed2" : 8,
    "windSpeed3" : 14
  },
  {
    "avgTemp1" : 45,
    "avgTemp2" : 48,
    "avgTemp3" : 40,
    "date1" : "2018-02-16",
    "date2" : "2018-02-15",
    "date3" : "2018-02-14",
    "highTemp1" : 55,
    "highTemp2" : 55,
    "highTemp3" : 50,
    "lowTemp1" : 33,
    "lowTemp2" : 42,
    "lowTemp3" : 30,
    "percipitation1" : 0.16,
    "percipitation2" : 0.13,
    "percipitation3" : 0.02,
    "result" : "school",
    "weekday1" : 5,
    "weekday2" : 4,
    "weekday3" : 3,
    "windSpeed1" : 24,
    "windSpeed2" : 6,
    "windSpeed3" : 8
  },
  {
    "avgTemp1" : 42,
    "avgTemp2" : 40,
    "avgTemp3" : 46,
    "date1" : "2018-02-26",
    "date2" : "2018-02-25",
    "date3" : "2018-02-24",
    "highTemp1" : 48,
    "highTemp2" : 42,
    "highTemp3" : 53,
    "lowTemp1" : 37,
    "lowTemp2" : 37,
    "lowTemp3" : 39,
    "percipitation1" : 0,
    "percipitation2" : 0.63,
    "percipitation3" : 0.08,
    "result" : "school",
    "weekday1" : 1,
    "weekday2" : 0,
    "weekday3" : 6,
    "windSpeed1" : 14,
    "windSpeed2" : 20,
    "windSpeed3" : 10
  },
  {
    "avgTemp1" : 42,
    "avgTemp2" : 42,
    "avgTemp3" : 40,
    "date1" : "2018-02-27",
    "date2" : "2018-02-26",
    "date3" : "2018-02-25",
    "highTemp1" : 54,
    "highTemp2" : 48,
    "highTemp3" : 42,
    "lowTemp1" : 30,
    "lowTemp2" : 37,
    "lowTemp3" : 37,
    "percipitation1" : 0,
    "percipitation2" : 0,
    "percipitation3" : 0.63,
    "result" : "school",
    "weekday1" : 2,
    "weekday2" : 1,
    "weekday3" : 0,
    "windSpeed1" : 12,
    "windSpeed2" : 14,
    "windSpeed3" : 20
  },
  {
    "avgTemp1" : 46,
    "avgTemp2" : 42,
    "avgTemp3" : 42,
    "date1" : "2018-02-28",
    "date2" : "2018-02-27",
    "date3" : "2018-02-26",
    "highTemp1" : 57,
    "highTemp2" : 54,
    "highTemp3" : 48,
    "lowTemp1" : 35,
    "lowTemp2" : 30,
    "lowTemp3" : 37,
    "percipitation1" : 0,
    "percipitation2" : 0,
    "percipitation3" : 0,
    "result" : "school",
    "weekday1" : 3,
    "weekday2" : 2,
    "weekday3" : 1,
    "windSpeed1" : 12,
    "windSpeed2" : 12,
    "windSpeed3" : 14
  },
  {
    "avgTemp1" : 48,
    "avgTemp2" : 46,
    "avgTemp3" : 42,
    "date1" : "2018-03-01",
    "date2" : "2018-02-28",
    "date3" : "2018-02-27",
    "highTemp1" : 57,
    "highTemp2" : 57,
    "highTemp3" : 54,
    "lowTemp1" : 39,
    "lowTemp2" : 35,
    "lowTemp3" : 30,
    "percipitation1" : 0.21,
    "percipitation2" : 0,
    "percipitation3" : 0,
    "result" : "school",
    "weekday1" : 4,
    "weekday2" : 3,
    "weekday3" : 2,
    "windSpeed1" : 17,
    "windSpeed2" : 12,
    "windSpeed3" : 12
  },
  {
    "avgTemp1" : 38,
    "avgTemp2" : 48,
    "avgTemp3" : 46,
    "date1" : "2018-03-02",
    "date2" : "2018-03-01",
    "date3" : "2018-02-28",
    "highTemp1" : 43,
    "highTemp2" : 57,
    "highTemp3" : 57,
    "lowTemp1" : 33,
    "lowTemp2" : 39,
    "lowTemp3" : 35,
    "percipitation1" : 1.76,
    "percipitation2" : 0.21,
    "percipitation3" : 0,
    "result" : "school",
    "weekday1" : 5,
    "weekday2" : 4,
    "weekday3" : 3,
    "windSpeed1" : 46,
    "windSpeed2" : 17,
    "windSpeed3" : 12
  },
  {
    "avgTemp1" : 34,
    "avgTemp2" : 36,
    "avgTemp3" : 40,
    "date1" : "2018-03-05",
    "date2" : "2018-03-04",
    "date3" : "2018-03-03",
    "highTemp1" : 37,
    "highTemp2" : 41,
    "highTemp3" : 44,
    "lowTemp1" : 30,
    "lowTemp2" : 32,
    "lowTemp3" : 35,
    "percipitation1" : 0,
    "percipitation2" : 0,
    "percipitation3" : 0,
    "result" : "school",
    "weekday1" : 1,
    "weekday2" : 0,
    "weekday3" : 6,
    "windSpeed1" : 22,
    "windSpeed2" : 23,
    "windSpeed3" : 40
  },
  {
    "avgTemp1" : 36,
    "avgTemp2" : 34,
    "avgTemp3" : 36,
    "date1" : "2018-03-06",
    "date2" : "2018-03-05",
    "date3" : "2018-03-04",
    "highTemp1" : 44,
    "highTemp2" : 37,
    "highTemp3" : 41,
    "lowTemp1" : 27,
    "lowTemp2" : 30,
    "lowTemp3" : 32,
    "percipitation1" : 0,
    "percipitation2" : 0,
    "percipitation3" : 0,
    "result" : "school",
    "weekday1" : 2,
    "weekday2" : 1,
    "weekday3" : 0,
    "windSpeed1" : 13,
    "windSpeed2" : 22,
    "windSpeed3" : 23
  },
  {
    "avgTemp1" : 33,
    "avgTemp2" : 36,
    "avgTemp3" : 34,
    "date1" : "2018-03-07",
    "date2" : "2018-03-06",
    "date3" : "2018-03-05",
    "highTemp1" : 34,
    "highTemp2" : 44,
    "highTemp3" : 37,
    "lowTemp1" : 32,
    "lowTemp2" : 27,
    "lowTemp3" : 30,
    "percipitation1" : 0.33,
    "percipitation2" : 0,
    "percipitation3" : 0,
    "result" : "no school",
    "weekday1" : 3,
    "weekday2" : 2,
    "weekday3" : 1,
    "windSpeed1" : 24,
    "windSpeed2" : 13,
    "windSpeed3" : 22
  },
  {
    "avgTemp1" : 34,
    "avgTemp2" : 33,
    "avgTemp3" : 36,
    "date1" : "2018-03-08",
    "date2" : "2018-03-07",
    "date3" : "2018-03-06",
    "highTemp1" : 37,
    "highTemp2" : 34,
    "highTemp3" : 44,
    "lowTemp1" : 30,
    "lowTemp2" : 32,
    "lowTemp3" : 27,
    "percipitation1" : 0,
    "percipitation2" : 0.33,
    "percipitation3" : 0,
    "result" : "no school",
    "weekday1" : 4,
    "weekday2" : 3,
    "weekday3" : 2,
    "windSpeed1" : 17,
    "windSpeed2" : 24,
    "windSpeed3" : 13
  },
  {
    "avgTemp1" : 33,
    "avgTemp2" : 34,
    "avgTemp3" : 33,
    "date1" : "2018-03-09",
    "date2" : "2018-03-08",
    "date3" : "2018-03-07",
    "highTemp1" : 39,
    "highTemp2" : 37,
    "highTemp3" : 34,
    "lowTemp1" : 27,
    "lowTemp2" : 30,
    "lowTemp3" : 32,
    "percipitation1" : 0,
    "percipitation2" : 0,
    "percipitation3" : 0.33,
    "result" : "no school",
    "weekday1" : 5,
    "weekday2" : 4,
    "weekday3" : 3,
    "windSpeed1" : 17,
    "windSpeed2" : 17,
    "windSpeed3" : 24
  },
  {
    "avgTemp1" : 34,
    "avgTemp2" : 35,
    "avgTemp3" : 34,
    "date1" : "2018-03-12",
    "date2" : "2018-03-11",
    "date3" : "2018-03-10",
    "highTemp1" : 41,
    "highTemp2" : 42,
    "highTemp3" : 37,
    "lowTemp1" : 28,
    "lowTemp2" : 28,
    "lowTemp3" : 30,
    "percipitation1" : 0.01,
    "percipitation2" : 0,
    "percipitation3" : 0,
    "result" : "school",
    "weekday1" : 1,
    "weekday2" : 0,
    "weekday3" : 6,
    "windSpeed1" : 14,
    "windSpeed2" : 13,
    "windSpeed3" : 23
  },
  {
    "avgTemp1" : 34,
    "avgTemp2" : 34,
    "avgTemp3" : 35,
    "date1" : "2018-03-13",
    "date2" : "2018-03-12",
    "date3" : "2018-03-11",
    "highTemp1" : 37,
    "highTemp2" : 41,
    "highTemp3" : 42,
    "lowTemp1" : 32,
    "lowTemp2" : 28,
    "lowTemp3" : 28,
    "percipitation1" : 0.01,
    "percipitation2" : 0.01,
    "percipitation3" : 0,
    "result" : "no school",
    "weekday1" : 2,
    "weekday2" : 1,
    "weekday3" : 0,
    "windSpeed1" : 29,
    "windSpeed2" : 14,
    "windSpeed3" : 13
  },
  {
    "avgTemp1" : 32,
    "avgTemp2" : 34,
    "avgTemp3" : 34,
    "date1" : "2018-03-14",
    "date2" : "2018-03-13",
    "date3" : "2018-03-12",
    "highTemp1" : 39,
    "highTemp2" : 37,
    "highTemp3" : 41,
    "lowTemp1" : 28,
    "lowTemp2" : 32,
    "lowTemp3" : 28,
    "percipitation1" : 0.01,
    "percipitation2" : 0.01,
    "percipitation3" : 0.01,
    "result" : "school",
    "weekday1" : 3,
    "weekday2" : 2,
    "weekday3" : 1,
    "windSpeed1" : 20,
    "windSpeed2" : 29,
    "windSpeed3" : 14
  },
  {
    "avgTemp1" : 37,
    "avgTemp2" : 32,
    "avgTemp3" : 34,
    "date1" : "2018-03-15",
    "date2" : "2018-03-14",
    "date3" : "2018-03-13",
    "highTemp1" : 45,
    "highTemp2" : 39,
    "highTemp3" : 37,
    "lowTemp1" : 30,
    "lowTemp2" : 28,
    "lowTemp3" : 32,
    "percipitation1" : 0,
    "percipitation2" : 0.01,
    "percipitation3" : 0.01,
    "result" : "school",
    "weekday1" : 4,
    "weekday2" : 3,
    "weekday3" : 2,
    "windSpeed1" : 23,
    "windSpeed2" : 20,
    "windSpeed3" : 29
  },
  {
    "avgTemp1" : 32,
    "avgTemp2" : 37,
    "avgTemp3" : 32,
    "date1" : "2018-03-16",
    "date2" : "2018-03-15",
    "date3" : "2018-03-14",
    "highTemp1" : 37,
    "highTemp2" : 45,
    "highTemp3" : 39,
    "lowTemp1" : 28,
    "lowTemp2" : 30,
    "lowTemp3" : 28,
    "percipitation1" : 0,
    "percipitation2" : 0,
    "percipitation3" : 0.01,
    "result" : "school",
    "weekday1" : 5,
    "weekday2" : 4,
    "weekday3" : 3,
    "windSpeed1" : 30,
    "windSpeed2" : 23,
    "windSpeed3" : 20
  },
  {
    "avgTemp1" : 34,
    "avgTemp2" : 31,
    "avgTemp3" : 35,
    "date1" : "2018-03-19",
    "date2" : "2018-03-18",
    "date3" : "2018-03-17",
    "highTemp1" : 43,
    "highTemp2" : 41,
    "highTemp3" : 45,
    "lowTemp1" : 26,
    "lowTemp2" : 23,
    "lowTemp3" : 25,
    "percipitation1" : 0,
    "percipitation2" : 0,
    "percipitation3" : 0,
    "result" : "school",
    "weekday1" : 1,
    "weekday2" : 0,
    "weekday3" : 6,
    "windSpeed1" : 20,
    "windSpeed2" : 20,
    "windSpeed3" : 24
  },
  {
    "avgTemp1" : 32,
    "avgTemp2" : 34,
    "avgTemp3" : 31,
    "date1" : "2018-03-20",
    "date2" : "2018-03-19",
    "date3" : "2018-03-18",
    "highTemp1" : 37,
    "highTemp2" : 43,
    "highTemp3" : 41,
    "lowTemp1" : 26,
    "lowTemp2" : 26,
    "lowTemp3" : 23,
    "percipitation1" : 0,
    "percipitation2" : 0,
    "percipitation3" : 0,
    "result" : "school",
    "weekday1" : 2,
    "weekday2" : 1,
    "weekday3" : 0,
    "windSpeed1" : 12,
    "windSpeed2" : 20,
    "windSpeed3" : 20
  },
  {
    "avgTemp1" : 34,
    "avgTemp2" : 32,
    "avgTemp3" : 34,
    "date1" : "2018-03-21",
    "date2" : "2018-03-20",
    "date3" : "2018-03-19",
    "highTemp1" : 37,
    "highTemp2" : 37,
    "highTemp3" : 43,
    "lowTemp1" : 30,
    "lowTemp2" : 26,
    "lowTemp3" : 26,
    "percipitation1" : 0.17,
    "percipitation2" : 0,
    "percipitation3" : 0,
    "result" : "Early Dismissal",
    "weekday1" : 3,
    "weekday2" : 2,
    "weekday3" : 1,
    "windSpeed1" : 16,
    "windSpeed2" : 12,
    "windSpeed3" : 20
  },
  {
    "avgTemp1" : 39,
    "avgTemp2" : 34,
    "avgTemp3" : 32,
    "date1" : "2018-03-22",
    "date2" : "2018-03-21",
    "date3" : "2018-03-20",
    "highTemp1" : 48,
    "highTemp2" : 37,
    "highTemp3" : 37,
    "lowTemp1" : 30,
    "lowTemp2" : 30,
    "lowTemp3" : 26,
    "percipitation1" : 0,
    "percipitation2" : 0.17,
    "percipitation3" : 0,
    "result" : "2 Hour Delay",
    "weekday1" : 4,
    "weekday2" : 3,
    "weekday3" : 2,
    "windSpeed1" : 25,
    "windSpeed2" : 16,
    "windSpeed3" : 12
  },
  {
    "avgTemp1" : 40,
    "avgTemp2" : 39,
    "avgTemp3" : 34,
    "date1" : "2018-03-23",
    "date2" : "2018-03-22",
    "date3" : "2018-03-21",
    "highTemp1" : 48,
    "highTemp2" : 48,
    "highTemp3" : 37,
    "lowTemp1" : 33,
    "lowTemp2" : 30,
    "lowTemp3" : 30,
    "percipitation1" : 0,
    "percipitation2" : 0,
    "percipitation3" : 0.17,
    "result" : "school",
    "weekday1" : 5,
    "weekday2" : 4,
    "weekday3" : 3,
    "windSpeed1" : 14,
    "windSpeed2" : 25,
    "windSpeed3" : 16
  },
  {
    "avgTemp1" : 36,
    "avgTemp2" : 36,
    "avgTemp3" : 40,
    "date1" : "2018-03-26",
    "date2" : "2018-03-25",
    "date3" : "2018-03-24",
    "highTemp1" : 45,
    "highTemp2" : 43,
    "highTemp3" : 48,
    "lowTemp1" : 27,
    "lowTemp2" : 30,
    "lowTemp3" : 33,
    "percipitation1" : 0,
    "percipitation2" : 0,
    "percipitation3" : 0,
    "result" : "school",
    "weekday1" : 1,
    "weekday2" : 0,
    "weekday3" : 6,
    "windSpeed1" : 13,
    "windSpeed2" : 14,
    "windSpeed3" : 16
  },
  {
    "avgTemp1" : 34,
    "avgTemp2" : 36,
    "avgTemp3" : 36,
    "date1" : "2018-03-27",
    "date2" : "2018-03-26",
    "date3" : "2018-03-25",
    "highTemp1" : 44,
    "highTemp2" : 45,
    "highTemp3" : 43,
    "lowTemp1" : 26,
    "lowTemp2" : 27,
    "lowTemp3" : 30,
    "percipitation1" : 0,
    "percipitation2" : 0,
    "percipitation3" : 0,
    "result" : "school",
    "weekday1" : 2,
    "weekday2" : 1,
    "weekday3" : 0,
    "windSpeed1" : 10,
    "windSpeed2" : 13,
    "windSpeed3" : 14
  },
  {
    "avgTemp1" : 44,
    "avgTemp2" : 34,
    "avgTemp3" : 36,
    "date1" : "2018-03-28",
    "date2" : "2018-03-27",
    "date3" : "2018-03-26",
    "highTemp1" : 52,
    "highTemp2" : 44,
    "highTemp3" : 45,
    "lowTemp1" : 36,
    "lowTemp2" : 26,
    "lowTemp3" : 27,
    "percipitation1" : 0.01,
    "percipitation2" : 0,
    "percipitation3" : 0,
    "result" : "school",
    "weekday1" : 3,
    "weekday2" : 2,
    "weekday3" : 1,
    "windSpeed1" : 8,
    "windSpeed2" : 10,
    "windSpeed3" : 13
  },
  {
    "avgTemp1" : 46,
    "avgTemp2" : 44,
    "avgTemp3" : 34,
    "date1" : "2018-03-29",
    "date2" : "2018-03-28",
    "date3" : "2018-03-27",
    "highTemp1" : 48,
    "highTemp2" : 52,
    "highTemp3" : 44,
    "lowTemp1" : 45,
    "lowTemp2" : 36,
    "lowTemp3" : 26,
    "percipitation1" : 0.01,
    "percipitation2" : 0.01,
    "percipitation3" : 0,
    "result" : "school",
    "weekday1" : 4,
    "weekday2" : 3,
    "weekday3" : 2,
    "windSpeed1" : 9,
    "windSpeed2" : 8,
    "windSpeed3" : 10
  },
]
